entity_id,type,debit,credit,amount,currency,fee,tax,tds_194o,net_amount,settlement_id,settlement_utr,created_at,settled_at,order_id,invoice_number,method,card_network,bank_code,merchant_name,merchant_legal_name,description,notes
pay_2026_000001,payment,0,5493165,5493165,INR,0,0,54932,54382.33,setl_202608_0001,UTR202608001732,2026-08-01T13:24:00+00:00,2026-08-02T13:24:00+00:00,order_2026_000001,INV-2026-00001,card,RuPay,SBIN,Dunzo,Dunzo Digital Private Limited,Payment for order order_2026_000001 via CARD,"{""merchant_gstin"": ""29AADCD5678E1Z9"", ""pos"": ""ONLINE""}"
pay_2026_000002,payment,0,6272225,6272225,INR,1200,216,62722,62080.87,setl_202608_0002,UTR202608002972,2026-08-01T16:38:00+00:00,2026-08-03T16:38:00+00:00,order_2026_000002,INV-2026-00002,netbanking,,SBIN,BigBasket,Bigbasket Supermarket Grocery Supplies,Payment for order order_2026_000002 via NETBANKING,"{""merchant_gstin"": ""29AABCS8899Q1ZX"", ""pos"": ""ONLINE""}"
pay_2026_000003,payment,0,5283900,5283900,INR,105678,19022,52839,51063.61,setl_202608_0002,UTR202608002972,2026-08-01T19:44:00+00:00,2026-08-03T19:44:00+00:00,order_2026_000003,INV-2026-00003,card,MasterCard,ICIC,PharmEasy,PharmEasy API Holdings Private Limited,Payment for order order_2026_000003 via CARD,"{""merchant_gstin"": ""27AAACP4455M1Z7"", ""pos"": ""ONLINE""}"
pay_2026_000004,payment,0,3555232,3555232,INR,0,0,35552,35196.8,setl_202608_0001,UTR202608001732,2026-08-01T22:48:00+00:00,2026-08-02T22:48:00+00:00,order_2026_000004,INV-2026-00004,upi,,YESB,Zomato,Zomato Limited,Payment for order order_2026_000004 via UPI,"{""merchant_gstin"": ""07AAACZ1234D1Z2"", ""pos"": ""ONLINE""}"
pay_2026_000005,payment,0,6931195,6931195,INR,0,0,69312,68618.83,setl_202608_0003,UTR202608003822,2026-08-02T01:19:00+00:00,2026-08-04T01:19:00+00:00,order_2026_000005,INV-2026-00005,upi,,HDFC,Nykaa,Nykaa E-Retail Limited,Payment for order order_2026_000005 via UPI,"{""merchant_gstin"": ""27AAACN5566R1Z0"", ""pos"": ""ONLINE""}"
pay_2026_000006,payment,0,1605979,1605979,INR,1500,270,16060,15881.49,setl_202608_0003,UTR202608003822,2026-08-02T04:25:00+00:00,2026-08-04T04:25:00+00:00,order_2026_000006,INV-2026-00006,netbanking,,HDFC,Nykaa,Nykaa E-Retail Limited,Payment for order order_2026_000006 via NETBANKING,"{""merchant_gstin"": ""27AAACN5566R1Z0"", ""pos"": ""ONLINE""}"
pay_2026_000007,payment,0,6276424,6276424,INR,125528,22595,62764,60655.37,setl_202608_0002,UTR202608002972,2026-08-02T07:51:00+00:00,2026-08-03T07:51:00+00:00,order_2026_000007,INV-2026-00007,card,VISA,UTIB,Urban Company,Urban Company Limited,Payment for order order_2026_000007 via CARD,"{""merchant_gstin"": ""06AAACU3322L1Z8"", ""pos"": ""ONLINE""}"
pay_2026_000008,payment,0,3100204,3100204,INR,62004,11161,31002,29960.37,setl_202608_0002,UTR202608002972,2026-08-02T10:45:00+00:00,2026-08-03T10:45:00+00:00,order_2026_000008,INV-2026-00008,card,VISA,UTIB,Cult.fit,Cultfit Healthcare Private Limited,Payment for order order_2026_000008 via CARD,"{""merchant_gstin"": ""29AAACC1122P1Z3"", ""pos"": ""ONLINE""}"
pay_2026_000009,payment,0,5373666,5373666,INR,1200,216,53737,53185.13,setl_202608_0002,UTR202608002972,2026-08-02T13:27:00+00:00,2026-08-03T13:27:00+00:00,order_2026_000009,INV-2026-00009,netbanking,,SBIN,Urban Company,Urban Company Limited,Payment for order order_2026_000009 via NETBANKING,"{""merchant_gstin"": ""06AAACU3322L1Z8"", ""pos"": ""ONLINE""}"
pay_2026_000010,payment,0,5170154,5170154,INR,103403,18613,51702,49964.36,setl_202608_0002,UTR202608002972,2026-08-02T16:07:00+00:00,2026-08-03T16:07:00+00:00,order_2026_000010,INV-2026-00010,card,VISA,UTIB,PharmEasy,PharmEasy API Holdings Private Limited,Payment for order order_2026_000010 via CARD,"{""merchant_gstin"": ""27AAACP4455M1Z7"", ""pos"": ""ONLINE""}"
pay_2026_000011,payment,0,2422008,2422008,INR,0,0,24220,23977.88,setl_202608_0002,UTR202608002972,2026-08-02T19:42:00+00:00,2026-08-03T19:42:00+00:00,order_2026_000011,INV-2026-00011,upi,,YESB,Zepto,Zepto Technologies Private Limited,Payment for order order_2026_000011 via UPI,"{""merchant_gstin"": ""27AAACZ9876K1Z1"", ""pos"": ""ONLINE""}"
pay_2026_000012,payment,0,2603557,2603557,INR,0,0,26036,25775.21,setl_202608_0003,UTR202608003822,2026-08-02T22:20:00+00:00,2026-08-04T22:20:00+00:00,order_2026_000012,INV-2026-00012,upi,,HDFC,Licious,Licious Delightful Gourmet Private Limited,Payment for order order_2026_000012 via UPI,"{""merchant_gstin"": ""29AAACL7766N1Z4"", ""pos"": ""ONLINE""}"
pay_2026_000013,payment,0,6262229,6262229,INR,0,0,62622,61996.07,setl_202608_0004,UTR202608004828,2026-08-03T01:31:00+00:00,2026-08-05T01:31:00+00:00,order_2026_000013,INV-2026-00013,upi,,YESB,PharmEasy,PharmEasy API Holdings Private Limited,Payment for order order_2026_000013 via UPI,"{""merchant_gstin"": ""27AAACP4455M1Z7"", ""pos"": ""ONLINE""}"
pay_2026_000014,payment,0,550316,550316,INR,1500,270,5503,5430.43,setl_202608_0003,UTR202608003822,2026-08-03T04:30:00+00:00,2026-08-04T04:30:00+00:00,order_2026_000014,INV-2026-00014,netbanking,,HDFC,Dunzo,Dunzo Digital Private Limited,Payment for order order_2026_000014 via NETBANKING,"{""merchant_gstin"": ""29AADCD5678E1Z9"", ""pos"": ""ONLINE""}"
pay_2026_000015,payment,0,5939877,5939877,INR,118798,21384,59399,57402.96,setl_202608_0004,UTR202608004828,2026-08-03T07:19:00+00:00,2026-08-05T07:19:00+00:00,order_2026_000015,INV-2026-00015,card,MasterCard,ICIC,PharmEasy,PharmEasy API Holdings Private Limited,Payment for order order_2026_000015 via CARD,"{""merchant_gstin"": ""27AAACP4455M1Z7"", ""pos"": ""ONLINE""}"
pay_2026_000016,payment,0,4701719,4701719,INR,1500,270,47017,46529.32,setl_202608_0004,UTR202608004828,2026-08-03T10:25:00+00:00,2026-08-05T10:25:00+00:00,order_2026_000016,INV-2026-00016,netbanking,,HDFC,Zepto,Zepto Technologies Private Limited,Payment for order order_2026_000016 via NETBANKING,"{""merchant_gstin"": ""27AAACZ9876K1Z1"", ""pos"": ""ONLINE""}"
pay_2026_000017,payment,0,788672,788672,INR,1200,216,7887,7793.69,setl_202608_0004,UTR202608004828,2026-08-03T13:06:00+00:00,2026-08-05T13:06:00+00:00,order_2026_000017,INV-2026-00017,netbanking,,SBIN,Nykaa,Nykaa E-Retail Limited,Payment for order order_2026_000017 via NETBANKING,"{""merchant_gstin"": ""27AAACN5566R1Z0"", ""pos"": ""ONLINE""}"
pay_2026_000018,payment,0,6106643,6106643,INR,0,0,61066,60455.77,setl_202608_0004,UTR202608004828,2026-08-03T16:55:00+00:00,2026-08-05T16:55:00+00:00,order_2026_000018,INV-2026-00018,upi,,HDFC,Urban Company,Urban Company Limited,Payment for order order_2026_000018 via UPI,"{""merchant_gstin"": ""06AAACU3322L1Z8"", ""pos"": ""ONLINE""}"
pay_2026_000019,payment,0,960028,960028,INR,1200,216,9600,9490.12,setl_202608_0003,UTR202608003822,2026-08-03T19:10:00+00:00,2026-08-04T19:10:00+00:00,order_2026_000019,INV-2026-00019,netbanking,,SBIN,Dunzo,Dunzo Digital Private Limited,Payment for order order_2026_000019 via NETBANKING,"{""merchant_gstin"": ""29AADCD5678E1Z9"", ""pos"": ""ONLINE""}"
pay_2026_000020,payment,0,181514,181514,INR,1200,216,0,1800.98,setl_202608_0003,UTR202608003822,2026-08-03T22:39:00+00:00,2026-08-04T22:39:00+00:00,order_2026_000020,INV-2026-00020,netbanking,,SBIN,PharmEasy,PharmEasy API Holdings Private Limited,Payment for order order_2026_000020 via NETBANKING,"{""merchant_gstin"": ""27AAACP4455M1Z7"", ""pos"": ""ONLINE""}"
pay_2026_000021,payment,0,3768624,3768624,INR,0,0,37686,37309.38,setl_202608_0004,UTR202608004828,2026-08-04T01:52:00+00:00,2026-08-05T01:52:00+00:00,order_2026_000021,INV-2026-00021,upi,,YESB,Zomato,Zomato Limited,Payment for order order_2026_000021 via UPI,"{""merchant_gstin"": ""07AAACZ1234D1Z2"", ""pos"": ""ONLINE""}"
pay_2026_000022,payment,0,5949572,5949572,INR,1500,270,59496,58883.06,setl_202608_0005,UTR202608005619,2026-08-04T04:10:00+00:00,2026-08-06T04:10:00+00:00,order_2026_000022,INV-2026-00022,netbanking,,HDFC,Zepto,Zepto Technologies Private Limited,Payment for order order_2026_000022 via NETBANKING,"{""merchant_gstin"": ""27AAACZ9876K1Z1"", ""pos"": ""ONLINE""}"
pay_2026_000023,payment,0,4705829,4705829,INR,0,0,47058,46587.71,setl_202608_0004,UTR202608004828,2026-08-04T07:19:00+00:00,2026-08-05T07:19:00+00:00,order_2026_000023,INV-2026-00023,card,RuPay,SBIN,Zomato,Zomato Limited,Payment for order order_2026_000023 via CARD,"{""merchant_gstin"": ""07AAACZ1234D1Z2"", ""pos"": ""ONLINE""}"
pay_2026_000024,payment,0,5135735,5135735,INR,1500,270,51357,50826.08,setl_202608_0005,UTR202608005619,2026-08-04T10:32:00+00:00,2026-08-06T10:32:00+00:00,order_2026_000024,INV-2026-00024,netbanking,,HDFC,Cult.fit,Cultfit Healthcare Private Limited,Payment for order order_2026_000024 via NETBANKING,"{""merchant_gstin"": ""29AAACC1122P1Z3"", ""pos"": ""ONLINE""}"
pay_2026_000025,payment,0,3980849,3980849,INR,1500,270,39808,39392.71,setl_202608_0004,UTR202608004828,2026-08-04T13:54:00+00:00,2026-08-05T13:54:00+00:00,order_2026_000025,INV-2026-00025,netbanking,,HDFC,Zepto,Zepto Technologies Private Limited,Payment for order order_2026_000025 via NETBANKING,"{""merchant_gstin"": ""27AAACZ9876K1Z1"", ""pos"": ""ONLINE""}"
pay_2026_000026,payment,0,6700010,6700010,INR,0,0,67000,66330.1,setl_202608_0005,UTR202608005619,2026-08-04T16:35:00+00:00,2026-08-06T16:35:00+00:00,order_2026_000026,INV-2026-00026,upi,,HDFC,PharmEasy,PharmEasy API Holdings Private Limited,Payment for order order_2026_000026 via UPI,"{""merchant_gstin"": ""27AAACP4455M1Z7"", ""pos"": ""ONLINE""}"
pay_2026_000027,payment,0,1194579,1194579,INR,0,0,11946,11826.33,setl_202608_0004,UTR202608004828,2026-08-04T19:38:00+00:00,2026-08-05T19:38:00+00:00,order_2026_000027,INV-2026-00027,upi,,YESB,Urban Company,Urban Company Limited,Payment for order order_2026_000027 via UPI,"{""merchant_gstin"": ""06AAACU3322L1Z8"", ""pos"": ""ONLINE""}"
pay_2026_000028,payment,0,1304067,1304067,INR,0,0,13041,12910.26,setl_202608_0005,UTR202608005619,2026-08-04T22:49:00+00:00,2026-08-06T22:49:00+00:00,order_2026_000028,INV-2026-00028,upi,,YESB,Cult.fit,Cultfit Healthcare Private Limited,Payment for order order_2026_000028 via UPI,"{""merchant_gstin"": ""29AAACC1122P1Z3"", ""pos"": ""ONLINE""}"
pay_2026_000029,payment,0,5740680,5740680,INR,114814,20667,57407,55477.92,setl_202608_0005,UTR202608005619,2026-08-05T01:17:00+00:00,2026-08-06T01:17:00+00:00,order_2026_000029,INV-2026-00029,card,MasterCard,ICIC,BigBasket,Bigbasket Supermarket Grocery Supplies,Payment for order order_2026_000029 via CARD,"{""merchant_gstin"": ""29AABCS8899Q1ZX"", ""pos"": ""ONLINE""}"
pay_2026_000030,payment,0,4743958,4743958,INR,1500,270,47440,46947.48,setl_202608_0005,UTR202608005619,2026-08-05T04:44:00+00:00,2026-08-06T04:44:00+00:00,order_2026_000030,INV-2026-00030,netbanking,,HDFC,Swiggy,Bundl Technologies Private Limited,Payment for order order_2026_000030 via NETBANKING,"{""merchant_gstin"": ""29AABCB1234F1Z5"", ""pos"": ""ONLINE""}"
pay_2026_000031,payment,0,7350847,7350847,INR,0,0,73508,72773.39,setl_202608_0005,UTR202608005619,2026-08-05T07:39:00+00:00,2026-08-06T07:39:00+00:00,order_2026_000031,INV-2026-00031,upi,,HDFC,Zomato,Zomato Limited,Payment for order order_2026_000031 via UPI,"{""merchant_gstin"": ""07AAACZ1234D1Z2"", ""pos"": ""ONLINE""}"
pay_2026_000032,payment,0,7119480,7119480,INR,142390,25630,71195,68802.65,setl_202608_0006,UTR202608006172,2026-08-05T10:26:00+00:00,2026-08-07T10:26:00+00:00,order_2026_000032,INV-2026-00032,card,VISA,UTIB,PharmEasy,PharmEasy API Holdings Private Limited,Payment for order order_2026_000032 via CARD,"{""merchant_gstin"": ""27AAACP4455M1Z7"", ""pos"": ""ONLINE""}"
pay_2026_000033,payment,0,427580,427580,INR,1500,270,0,4258.1,setl_202608_0006,UTR202608006172,2026-08-05T13:29:00+00:00,2026-08-07T13:29:00+00:00,order_2026_000033,INV-2026-00033,netbanking,,HDFC,Swiggy,Bundl Technologies Private Limited,Payment for order order_2026_000033 via NETBANKING,"{""merchant_gstin"": ""29AABCB1234F1Z5"", ""pos"": ""ONLINE""}"
pay_2026_000034,payment,0,5751796,5751796,INR,1200,216,57517,56928.62,setl_202608_0005,UTR202608005619,2026-08-05T16:38:00+00:00,2026-08-06T16:38:00+00:00,order_2026_000034,INV-2026-00034,netbanking,,SBIN,Urban Company,Urban Company Limited,Payment for order order_2026_000034 via NETBANKING,"{""merchant_gstin"": ""06AAACU3322L1Z8"", ""pos"": ""ONLINE""}"
pay_2026_000035,payment,0,6608694,6608694,INR,0,0,66087,65426.07,setl_202608_0006,UTR202608006172,2026-08-05T19:30:00+00:00,2026-08-07T19:30:00+00:00,order_2026_000035,INV-2026-00035,upi,,YESB,Cult.fit,Cultfit Healthcare Private Limited,Payment for order order_2026_000035 via UPI,"{""merchant_gstin"": ""29AAACC1122P1Z3"", ""pos"": ""ONLINE""}"
pay_2026_000036,payment,0,5232128,5232128,INR,0,0,52321,51798.07,setl_202608_0005,UTR202608005619,2026-08-05T22:52:00+00:00,2026-08-06T22:52:00+00:00,order_2026_000036,INV-2026-00036,upi,,YESB,Zepto,Zepto Technologies Private Limited,Payment for order order_2026_000036 via UPI,"{""merchant_gstin"": ""27AAACZ9876K1Z1"", ""pos"": ""ONLINE""}"
pay_2026_000037,payment,0,3912630,3912630,INR,0,0,39126,38735.04,setl_202608_0006,UTR202608006172,2026-08-06T01:06:00+00:00,2026-08-07T01:06:00+00:00,order_2026_000037,INV-2026-00037,upi,,HDFC,Zomato,Zomato Limited,Payment for order order_2026_000037 via UPI,"{""merchant_gstin"": ""07AAACZ1234D1Z2"", ""pos"": ""ONLINE""}"
pay_2026_000038,payment,0,1139479,1139479,INR,0,0,11395,11280.84,setl_202608_0006,UTR202608006172,2026-08-06T04:26:00+00:00,2026-08-07T04:26:00+00:00,order_2026_000038,INV-2026-00038,card,RuPay,SBIN,Nykaa,Nykaa E-Retail Limited,Payment for order order_2026_000038 via CARD,"{""merchant_gstin"": ""27AAACN5566R1Z0"", ""pos"": ""ONLINE""}"
pay_2026_000039,payment,0,1878678,1878678,INR,0,0,18787,18598.91,setl_202608_0007,UTR202608007461,2026-08-06T07:26:00+00:00,2026-08-08T07:26:00+00:00,order_2026_000039,INV-2026-00039,upi,,YESB,Zepto,Zepto Technologies Private Limited,Payment for order order_2026_000039 via UPI,"{""merchant_gstin"": ""27AAACZ9876K1Z1"", ""pos"": ""ONLINE""}"
pay_2026_000040,payment,0,481235,481235,INR,1500,270,0,4794.66,setl_202608_0006,UTR202608006172,2026-08-06T10:10:00+00:00,2026-08-07T10:10:00+00:00,order_2026_000040,INV-2026-00040,netbanking,,HDFC,Urban Company,Urban Company Limited,Payment for order order_2026_000040 via NETBANKING,"{""merchant_gstin"": ""06AAACU3322L1Z8"", ""pos"": ""ONLINE""}"
pay_2026_000041,payment,0,598444,598444,INR,0,0,5984,5924.6,setl_202608_0007,UTR202608007461,2026-08-06T13:44:00+00:00,2026-08-08T13:44:00+00:00,order_2026_000041,INV-2026-00041,upi,,YESB,Licious,Licious Delightful Gourmet Private Limited,Payment for order order_2026_000041 via UPI,"{""merchant_gstin"": ""29AAACL7766N1Z4"", ""pos"": ""ONLINE""}"
pay_2026_000042,payment,0,6830869,6830869,INR,136617,24591,68309,66013.52,setl_202608_0006,UTR202608006172,2026-08-06T16:44:00+00:00,2026-08-07T16:44:00+00:00,order_2026_000042,INV-2026-00042,card,VISA,UTIB,Dunzo,Dunzo Digital Private Limited,Payment for order order_2026_000042 via CARD,"{""merchant_gstin"": ""29AADCD5678E1Z9"", ""pos"": ""ONLINE""}"
pay_2026_000043,payment,0,1367210,1367210,INR,0,0,13672,13535.38,setl_202608_0007,UTR202608007461,2026-08-06T19:47:00+00:00,2026-08-08T19:47:00+00:00,order_2026_000043,INV-2026-00043,upi,,YESB,BigBasket,Bigbasket Supermarket Grocery Supplies,Payment for order order_2026_000043 via UPI,"{""merchant_gstin"": ""29AABCS8899Q1ZX"", ""pos"": ""ONLINE""}"
pay_2026_000044,payment,0,4906811,4906811,INR,1200,216,49068,48563.27,setl_202608_0006,UTR202608006172,2026-08-06T22:41:00+00:00,2026-08-07T22:41:00+00:00,order_2026_000044,INV-2026-00044,netbanking,,SBIN,Dunzo,Dunzo Digital Private Limited,Payment for order order_2026_000044 via NETBANKING,"{""merchant_gstin"": ""29AADCD5678E1Z9"", ""pos"": ""ONLINE""}"
pay_2026_000045,payment,0,284817,284817,INR,5696,1025,0,2780.96,setl_202608_0008,UTR202608008246,2026-08-07T01:07:00+00:00,2026-08-09T01:07:00+00:00,order_2026_000045,INV-2026-00045,card,MasterCard,ICIC,Swiggy,Bundl Technologies Private Limited,Payment for order order_2026_000045 via CARD,"{""merchant_gstin"": ""29AABCB1234F1Z5"", ""pos"": ""ONLINE""}"
pay_2026_000046,payment,0,2618974,2618974,INR,0,0,26189,25927.84,setl_202608_0008,UTR202608008246,2026-08-07T04:53:00+00:00,2026-08-09T04:53:00+00:00,order_2026_000046,INV-2026-00046,card,RuPay,SBIN,Cult.fit,Cultfit Healthcare Private Limited,Payment for order order_2026_000046 via CARD,"{""merchant_gstin"": ""29AAACC1122P1Z3"", ""pos"": ""ONLINE""}"
pay_2026_000047,payment,0,3492205,3492205,INR,1200,216,34922,34558.67,setl_202608_0008,UTR202608008246,2026-08-07T07:33:00+00:00,2026-08-09T07:33:00+00:00,order_2026_000047,INV-2026-00047,netbanking,,SBIN,Zepto,Zepto Technologies Private Limited,Payment for order order_2026_000047 via NETBANKING,"{""merchant_gstin"": ""27AAACZ9876K1Z1"", ""pos"": ""ONLINE""}"
pay_2026_000048,payment,0,1538453,1538453,INR,30769,5538,15385,14867.61,setl_202608_0007,UTR202608007461,2026-08-07T10:42:00+00:00,2026-08-08T10:42:00+00:00,order_2026_000048,INV-2026-00048,card,VISA,UTIB,Cult.fit,Cultfit Healthcare Private Limited,Payment for order order_2026_000048 via CARD,"{""merchant_gstin"": ""29AAACC1122P1Z3"", ""pos"": ""ONLINE""}"
pay_2026_000049,payment,0,1383643,1383643,INR,0,0,13836,13698.07,setl_202608_0007,UTR202608007461,2026-08-07T13:23:00+00:00,2026-08-08T13:23:00+00:00,order_2026_000049,INV-2026-00049,upi,,YESB,Zomato,Zomato Limited,Payment for order order_2026_000049 via UPI,"{""merchant_gstin"": ""07AAACZ1234D1Z2"", ""pos"": ""ONLINE""}"
pay_2026_000050,payment,0,1527964,1527964,INR,0,0,15280,15126.84,setl_202608_0008,UTR202608008246,2026-08-07T16:12:00+00:00,2026-08-09T16:12:00+00:00,order_2026_000050,INV-2026-00050,card,RuPay,SBIN,Cult.fit,Cultfit Healthcare Private Limited,Payment for order order_2026_000050 via CARD,"{""merchant_gstin"": ""29AAACC1122P1Z3"", ""pos"": ""ONLINE""}"
pay_2026_000051,payment,0,1228085,1228085,INR,1500,270,12281,12140.34,setl_202608_0007,UTR202608007461,2026-08-07T19:19:00+00:00,2026-08-08T19:19:00+00:00,order_2026_000051,INV-2026-00051,netbanking,,HDFC,Cult.fit,Cultfit Healthcare Private Limited,Payment for order order_2026_000051 via NETBANKING,"{""merchant_gstin"": ""29AAACC1122P1Z3"", ""pos"": ""ONLINE""}"
pay_2026_000052,payment,0,1573615,1573615,INR,1500,270,15736,15561.09,setl_202608_0008,UTR202608008246,2026-08-07T22:33:00+00:00,2026-08-09T22:33:00+00:00,order_2026_000052,INV-2026-00052,netbanking,,HDFC,Swiggy,Bundl Technologies Private Limited,Payment for order order_2026_000052 via NETBANKING,"{""merchant_gstin"": ""29AABCB1234F1Z5"", ""pos"": ""ONLINE""}"
pay_2026_000053,payment,0,1235903,1235903,INR,0,0,12359,12235.44,setl_202608_0009,UTR202608009448,2026-08-08T01:45:00+00:00,2026-08-10T01:45:00+00:00,order_2026_000053,INV-2026-00053,card,RuPay,SBIN,PharmEasy,PharmEasy API Holdings Private Limited,Payment for order order_2026_000053 via CARD,"{""merchant_gstin"": ""27AAACP4455M1Z7"", ""pos"": ""ONLINE""}"
pay_2026_000054,payment,0,425814,425814,INR,0,0,0,4258.14,setl_202608_0008,UTR202608008246,2026-08-08T04:17:00+00:00,2026-08-09T04:17:00+00:00,order_2026_000054,INV-2026-00054,upi,,YESB,Dunzo,Dunzo Digital Private Limited,Payment for order order_2026_000054 via UPI,"{""merchant_gstin"": ""29AADCD5678E1Z9"", ""pos"": ""ONLINE""}"
pay_2026_000055,payment,0,3031316,3031316,INR,1500,270,30313,29992.33,setl_202608_0009,UTR202608009448,2026-08-08T07:45:00+00:00,2026-08-10T07:45:00+00:00,order_2026_000055,INV-2026-00055,netbanking,,HDFC,BigBasket,Bigbasket Supermarket Grocery Supplies,Payment for order order_2026_000055 via NETBANKING,"{""merchant_gstin"": ""29AABCS8899Q1ZX"", ""pos"": ""ONLINE""}"
pay_2026_000056,payment,0,5251539,5251539,INR,1200,216,52515,51976.08,setl_202608_0009,UTR202608009448,2026-08-08T10:06:00+00:00,2026-08-10T10:06:00+00:00,order_2026_000056,INV-2026-00056,netbanking,,SBIN,PharmEasy,PharmEasy API Holdings Private Limited,Payment for order order_2026_000056 via NETBANKING,"{""merchant_gstin"": ""27AAACP4455M1Z7"", ""pos"": ""ONLINE""}"
pay_2026_000057,payment,0,6392524,6392524,INR,127850,23013,63925,61777.36,setl_202608_0009,UTR202608009448,2026-08-08T13:41:00+00:00,2026-08-10T13:41:00+00:00,order_2026_000057,INV-2026-00057,card,MasterCard,ICIC,Swiggy,Bundl Technologies Private Limited,Payment for order order_2026_000057 via CARD,"{""merchant_gstin"": ""29AABCB1234F1Z5"", ""pos"": ""ONLINE""}"
pay_2026_000058,payment,0,4402044,4402044,INR,0,0,44020,43580.24,setl_202608_0008,UTR202608008246,2026-08-08T16:47:00+00:00,2026-08-09T16:47:00+00:00,order_2026_000058,INV-2026-00058,card,RuPay,SBIN,Swiggy,Bundl Technologies Private Limited,Payment for order order_2026_000058 via CARD,"{""merchant_gstin"": ""29AABCB1234F1Z5"", ""pos"": ""ONLINE""}"
pay_2026_000059,payment,0,897302,897302,INR,1200,216,8973,8869.13,setl_202608_0009,UTR202608009448,2026-08-08T19:05:00+00:00,2026-08-10T19:05:00+00:00,order_2026_000059,INV-2026-00059,netbanking,,SBIN,Zepto,Zepto Technologies Private Limited,Payment for order order_2026_000059 via NETBANKING,"{""merchant_gstin"": ""27AAACZ9876K1Z1"", ""pos"": ""ONLINE""}"
pay_2026_000060,payment,0,2156210,2156210,INR,1200,216,21562,21332.32,setl_202608_0009,UTR202608009448,2026-08-08T22:19:00+00:00,2026-08-10T22:19:00+00:00,order_2026_000060,INV-2026-00060,netbanking,,SBIN,BigBasket,Bigbasket Supermarket Grocery Supplies,Payment for order order_2026_000060 via NETBANKING,"{""merchant_gstin"": ""29AABCS8899Q1ZX"", ""pos"": ""ONLINE""}"
pay_2026_000061,payment,0,5670204,5670204,INR,113404,20413,56702,54796.85,setl_202608_0010,UTR202608010620,2026-08-09T01:27:00+00:00,2026-08-11T01:27:00+00:00,order_2026_000061,INV-2026-00061,card,VISA,UTIB,Cult.fit,Cultfit Healthcare Private Limited,Payment for order order_2026_000061 via CARD,"{""merchant_gstin"": ""29AAACC1122P1Z3"", ""pos"": ""ONLINE""}"
pay_2026_000062,payment,0,2879903,2879903,INR,57598,10368,28799,27831.38,setl_202608_0010,UTR202608010620,2026-08-09T04:30:00+00:00,2026-08-11T04:30:00+00:00,order_2026_000062,INV-2026-00062,card,MasterCard,ICIC,Zomato,Zomato Limited,Payment for order order_2026_000062 via CARD,"{""merchant_gstin"": ""07AAACZ1234D1Z2"", ""pos"": ""ONLINE""}"
pay_2026_000063,payment,0,6489951,6489951,INR,0,0,64900,64250.51,setl_202608_0010,UTR202608010620,2026-08-09T07:07:00+00:00,2026-08-11T07:07:00+00:00,order_2026_000063,INV-2026-00063,card,RuPay,SBIN,Nykaa,Nykaa E-Retail Limited,Payment for order order_2026_000063 via CARD,"{""merchant_gstin"": ""27AAACN5566R1Z0"", ""pos"": ""ONLINE""}"
pay_2026_000064,payment,0,6416239,6416239,INR,0,0,64162,63520.77,setl_202608_0010,UTR202608010620,2026-08-09T10:38:00+00:00,2026-08-11T10:38:00+00:00,order_2026_000064,INV-2026-00064,upi,,YESB,Zepto,Zepto Technologies Private Limited,Payment for order order_2026_000064 via UPI,"{""merchant_gstin"": ""27AAACZ9876K1Z1"", ""pos"": ""ONLINE""}"
pay_2026_000065,payment,0,1372766,1372766,INR,0,0,13728,13590.38,setl_202608_0009,UTR202608009448,2026-08-09T13:36:00+00:00,2026-08-10T13:36:00+00:00,order_2026_000065,INV-2026-00065,upi,,HDFC,Swiggy,Bundl Technologies Private Limited,Payment for order order_2026_000065 via UPI,"{""merchant_gstin"": ""29AABCB1234F1Z5"", ""pos"": ""ONLINE""}"
pay_2026_000066,payment,0,5821368,5821368,INR,0,0,58214,57631.54,setl_202608_0010,UTR202608010620,2026-08-09T16:31:00+00:00,2026-08-11T16:31:00+00:00,order_2026_000066,INV-2026-00066,upi,,YESB,BigBasket,Bigbasket Supermarket Grocery Supplies,Payment for order order_2026_000066 via UPI,"{""merchant_gstin"": ""29AABCS8899Q1ZX"", ""pos"": ""ONLINE""}"
pay_2026_000067,payment,0,7034936,7034936,INR,0,0,70349,69645.87,setl_202608_0009,UTR202608009448,2026-08-09T19:32:00+00:00,2026-08-10T19:32:00+00:00,order_2026_000067,INV-2026-00067,upi,,YESB,Cult.fit,Cultfit Healthcare Private Limited,Payment for order order_2026_000067 via UPI,"{""merchant_gstin"": ""29AAACC1122P1Z3"", ""pos"": ""ONLINE""}"
pay_2026_000068,payment,0,624304,624304,INR,12486,2247,6243,6033.28,setl_202608_0009,UTR202608009448,2026-08-09T22:43:00+00:00,2026-08-10T22:43:00+00:00,order_2026_000068,INV-2026-00068,card,VISA,UTIB,Nykaa,Nykaa E-Retail Limited,Payment for order order_2026_000068 via CARD,"{""merchant_gstin"": ""27AAACN5566R1Z0"", ""pos"": ""ONLINE""}"
pay_2026_000069,payment,0,6128178,6128178,INR,122564,22062,61282,59222.7,setl_202608_0011,UTR202608011621,2026-08-10T01:16:00+00:00,2026-08-12T01:16:00+00:00,order_2026_000069,INV-2026-00069,card,MasterCard,ICIC,PharmEasy,PharmEasy API Holdings Private Limited,Payment for order order_2026_000069 via CARD,"{""merchant_gstin"": ""27AAACP4455M1Z7"", ""pos"": ""ONLINE""}"
pay_2026_000070,payment,0,5166863,5166863,INR,0,0,51669,51151.94,setl_202608_0011,UTR202608011621,2026-08-10T04:30:00+00:00,2026-08-12T04:30:00+00:00,order_2026_000070,INV-2026-00070,upi,,HDFC,Urban Company,Urban Company Limited,Payment for order order_2026_000070 via UPI,"{""merchant_gstin"": ""06AAACU3322L1Z8"", ""pos"": ""ONLINE""}"
pay_2026_000071,payment,0,1809768,1809768,INR,0,0,18098,17916.71,setl_202608_0010,UTR202608010620,2026-08-10T07:30:00+00:00,2026-08-11T07:30:00+00:00,order_2026_000071,INV-2026-00071,upi,,HDFC,Licious,Licious Delightful Gourmet Private Limited,Payment for order order_2026_000071 via UPI,"{""merchant_gstin"": ""29AAACL7766N1Z4"", ""pos"": ""ONLINE""}"
pay_2026_000072,payment,0,294165,294165,INR,5883,1059,0,2872.23,setl_202608_0010,UTR202608010620,2026-08-10T10:31:00+00:00,2026-08-11T10:31:00+00:00,order_2026_000072,INV-2026-00072,card,VISA,UTIB,Zomato,Zomato Limited,Payment for order order_2026_000072 via CARD,"{""merchant_gstin"": ""07AAACZ1234D1Z2"", ""pos"": ""ONLINE""}"
pay_2026_000073,payment,0,1328671,1328671,INR,26573,4783,13287,12840.28,setl_202608_0011,UTR202608011621,2026-08-10T13:26:00+00:00,2026-08-12T13:26:00+00:00,order_2026_000073,INV-2026-00073,card,MasterCard,ICIC,Urban Company,Urban Company Limited,Payment for order order_2026_000073 via CARD,"{""merchant_gstin"": ""06AAACU3322L1Z8"", ""pos"": ""ONLINE""}"
pay_2026_000074,payment,0,4027585,4027585,INR,0,0,40276,39873.09,setl_202608_0011,UTR202608011621,2026-08-10T16:34:00+00:00,2026-08-12T16:34:00+00:00,order_2026_000074,INV-2026-00074,upi,,YESB,Urban Company,Urban Company Limited,Payment for order order_2026_000074 via UPI,"{""merchant_gstin"": ""06AAACU3322L1Z8"", ""pos"": ""ONLINE""}"
pay_2026_000075,payment,0,6059814,6059814,INR,1500,270,60598,59974.46,setl_202608_0010,UTR202608010620,2026-08-10T19:24:00+00:00,2026-08-11T19:24:00+00:00,order_2026_000075,INV-2026-00075,netbanking,,HDFC,Urban Company,Urban Company Limited,Payment for order order_2026_000075 via NETBANKING,"{""merchant_gstin"": ""06AAACU3322L1Z8"", ""pos"": ""ONLINE""}"
pay_2026_000076,payment,0,7393374,7393374,INR,0,0,73934,73194.4,setl_202608_0010,UTR202608010620,2026-08-10T22:44:00+00:00,2026-08-11T22:44:00+00:00,order_2026_000076,INV-2026-00076,card,RuPay,SBIN,Cult.fit,Cultfit Healthcare Private Limited,Payment for order order_2026_000076 via CARD,"{""merchant_gstin"": ""29AAACC1122P1Z3"", ""pos"": ""ONLINE""}"
pay_2026_000077,payment,0,4124757,4124757,INR,82495,14849,41248,39861.65,setl_202608_0011,UTR202608011621,2026-08-11T01:41:00+00:00,2026-08-12T01:41:00+00:00,order_2026_000077,INV-2026-00077,card,MasterCard,ICIC,Zepto,Zepto Technologies Private Limited,Payment for order order_2026_000077 via CARD,"{""merchant_gstin"": ""27AAACZ9876K1Z1"", ""pos"": ""ONLINE""}"
pay_2026_000078,payment,0,3790900,3790900,INR,0,0,37909,37529.91,setl_202608_0012,UTR202608012617,2026-08-11T04:12:00+00:00,2026-08-13T04:12:00+00:00,order_2026_000078,INV-2026-00078,card,RuPay,SBIN,Swiggy,Bundl Technologies Private Limited,Payment for order order_2026_000078 via CARD,"{""merchant_gstin"": ""29AABCB1234F1Z5"", ""pos"": ""ONLINE""}"
pay_2026_000079,payment,0,3284544,3284544,INR,65691,11824,32845,31741.84,setl_202608_0012,UTR202608012617,2026-08-11T07:50:00+00:00,2026-08-13T07:50:00+00:00,order_2026_000079,INV-2026-00079,card,VISA,UTIB,Urban Company,Urban Company Limited,Payment for order order_2026_000079 via CARD,"{""merchant_gstin"": ""06AAACU3322L1Z8"", ""pos"": ""ONLINE""}"
pay_2026_000080,payment,0,4297663,4297663,INR,0,0,42977,42546.86,setl_202608_0011,UTR202608011621,2026-08-11T10:29:00+00:00,2026-08-12T10:29:00+00:00,order_2026_000080,INV-2026-00080,upi,,YESB,Cult.fit,Cultfit Healthcare Private Limited,Payment for order order_2026_000080 via UPI,"{""merchant_gstin"": ""29AAACC1122P1Z3"", ""pos"": ""ONLINE""}"
